song_id,predicted_genre
8589934592,blues
25769803776,blues
77309411330,reggae
111669149697,reggae
111669149697,rock
128849018882,rap
128849018882,rock
146028888066,blues
146028888066,rock
154618822657,blues
154618822658,blues
163208757248,rock
163208757250,rock
197568495617,rock
214748364802,rock
240518168577,rock
274877906944,rock
274877906945,rock
274877906947,rock
292057776128,rap
292057776129,rap
309237645313,blues
309237645313,reggae
335007449088,reggae
335007449089,rap
335007449089,reggae
335007449090,blues
343597383682,electro
360777252865,reggae
369367187458,rock
377957122050,electro
386547056641,rap
386547056641,rock
403726925824,rock
403726925826,rock
420906795009,rock
446676598785,rock
455266533377,rock
463856467969,rap
463856467970,rock
481036337155,rock
506806140928,rock
515396075522,rock
541165879298,reggae
584115552257,rock
592705486848,rock
601295421440,rock
609885356033,rock
618475290626,rock
661424963584,rock
695784701954,electro
695784701954,rock
730144440321,rock
738734374912,rap
738734374914,blues
738734374914,reggae
747324309505,electro
747324309505,rock
755914244098,electro
755914244098,rock
764504178691,rock
781684047874,rock
798863917056,rap
816043786240,rock
816043786242,rock
833223655427,rap
841813590016,rock
850403524608,rock
884763262978,blues
901943132161,blues
901943132161,electro
936302870528,rock
953482739712,blues
953482739712,rock
953482739713,blues
953482739713,rap
953482739713,rock
979252543488,rock
1005022347266,rock
1013612281857,reggae
1022202216450,rock
1030792151041,rock
1047972020226,rock
1056561954816,rock
1065151889410,rock
1082331758592,rock
1108101562371,rock
1133871366146,rap
1151051235328,rap
1151051235328,rock
1159641169922,rock
1176821039107,reggae
1176821039107,rock
1194000908288,rap
1228360646657,blues
1228360646657,reggae
1245540515841,reggae
1245540515841,rock
1245540515842,rock
1271310319617,rock
1279900254210,electro
1288490188800,blues
1297080123393,blues
1305670057985,rock
1331439861761,rock
1340029796352,rock
1340029796353,rock
1357209665538,rock
1374389534721,rock
1391569403906,rock
1408749273088,blues
1417339207681,rock
1425929142274,blues
1443109011458,rock
1468878815232,rock
1486058684418,rock
1520418422784,rock
1529008357379,rock
1546188226560,rap
1563368095744,blues
1571958030338,reggae
1589137899522,rock
1597727834114,rock
1606317768704,rock
1606317768706,rock
1614907703296,rock
1614907703297,rock
1623497637889,rock
1623497637890,rock
1632087572481,rock
1640677507072,rock
1640677507073,rock
1666447310850,rock
1666447310851,rock
1692217114625,rock
1709396983810,rock
1717986918400,blues
1735166787586,rock
1752346656768,electro
1795296329729,rock
1812476198914,rock
1829656068096,rock
1829656068097,rock
1846835937282,rock
1855425871872,rock
1855425871874,rock
1872605741057,rap
1872605741057,rock
1881195675650,rap
1889785610242,blues
1889785610242,rock
1898375544832,rock
1915555414018,rock
1941325217792,blues
1941325217792,reggae
1941325217794,rap
1941325217795,rap
1958505086976,rock
1984274890753,electro
1992864825346,blues
2010044694528,rock
2027224563712,electro
2027224563712,rock
2035814498304,blues
2052994367489,rock
2052994367490,reggae
2061584302082,rock
2070174236673,reggae
2078764171264,rock
2078764171265,rock
2113123909634,blues
2138893713408,reggae
2164663517185,blues
2207613190144,rock
2207613190145,rock
2207613190146,rock
2224793059329,rock
2224793059331,blues
2276332666881,blues
2276332666882,rock
2293512536066,reggae
2293512536066,rock
2293512536067,reggae
2293512536067,rock
2302102470657,reggae
2302102470657,rock
2319282339842,rock
2327872274434,rock
2336462209026,reggae
2345052143616,rap
2345052143617,rap
2362232012801,rock
2379411881986,rap
2379411881986,reggae
2396591751168,blues
2396591751168,rock
2396591751169,rock
2405181685760,rock
2405181685762,rock
2413771620352,reggae
2430951489539,rock
2439541424128,rock
2465311227906,blues
2465311227906,rock
2482491097089,rock
2482491097090,blues
2482491097090,rock
2499670966273,rock
2508260900865,blues
2516850835456,blues
2551210573824,electro
2551210573824,rock
2551210573825,rock
2559800508416,rock
2559800508418,reggae
2559800508418,rock
2568390443010,rock
2568390443011,rock
2576980377600,rock
2576980377601,rock
2585570312193,reggae
2585570312193,rock
2585570312194,reggae
2585570312194,rock
2594160246786,rock
2602750181378,reggae
2602750181378,rock
2611340115968,rock
2619930050560,blues
2619930050560,rap
2619930050560,rock
2628519985152,reggae
2628519985154,reggae
2662879723522,rock
2705829396483,blues
2705829396483,rock
2714419331073,blues
2714419331073,reggae
2731599200257,reggae
2740189134848,rap
2740189134848,rock
2740189134850,rap
2757369004032,reggae
2774548873218,rap
2808908611586,rock
2843268349952,blues
2860448219137,rock
2903397892098,rock
2911987826689,rock
2929167695874,reggae
2946347565057,rock
2946347565058,blues
2954937499648,rock
2963527434241,rock
2980707303426,blues
2989297238017,rap
2989297238019,blues
2997887172609,rock
3032246910977,reggae
3049426780161,reggae
3066606649344,rock
3109556322306,rock
3118146256897,blues
3126736191491,blues
3143916060673,rock
3152505995264,rock
3152505995265,electro
3152505995265,rap
3152505995266,rock
3169685864449,rap
3178275799040,rap
3178275799041,rock
3204045602816,rock
3204045602817,blues
3204045602817,rock
3212635537408,rock
3221225472001,blues
3221225472001,rock
3246995275776,rock
3246995275778,rock
3255585210369,rap
3264175144961,electro
3264175144961,rock
3281355014144,rock
3289944948736,rock
3289944948737,rap
3289944948737,rock
3298534883330,rock
3324304687104,reggae
3332894621696,blues
3341484556288,reggae
3367254360065,blues
3367254360066,reggae
3393024163840,blues
3393024163840,electro
3401614098435,rock
3427383902209,rock
3444563771393,rock
3453153705984,rock
3461743640576,reggae
3504693313536,rock
3521873182722,blues
3547642986496,rap
3547642986497,rock
3564822855680,electro
3564822855680,rock
3564822855682,rock
3616362463234,rock
3659312136192,rock
3667902070785,rock
3676492005377,rock
3685081939970,electro
3685081939970,rock
3685081939971,electro
3685081939971,rock
3693671874560,rap
3710851743746,rock
3728031612929,rock
3762391351296,reggae
3762391351297,reggae
3779571220480,rock
3796751089665,rock
3848290697217,rock
3848290697218,rock
3865470566401,rock
3908420239360,rock
3925600108545,rock
3942779977728,reggae
3942779977728,rock
3951369912322,rap
3951369912322,rock
3968549781506,rock
3977139716096,rock
3977139716097,rock
3977139716098,rock
3994319585281,rap
3994319585282,rap
4037269258241,reggae
4037269258241,rock
4045859192832,blues
4088808865792,rock
4088808865793,blues
4088808865793,rock
4097398800384,rock
4105988734976,blues
4114578669569,reggae
4123168604160,rap
4123168604160,reggae
4123168604160,rock
4123168604161,rap
4123168604161,rock
4131758538753,rap
4131758538753,reggae
4140348473344,blues
4148938407937,rock
4157528342529,rock
4183298146306,reggae
4183298146306,rock
4191888080897,rock
4209067950080,rock
4226247819266,electro
4226247819266,rock
4234837753858,electro
4234837753858,reggae
4243427688450,rock
4269197492225,rock
4286377361408,reggae
4286377361409,blues
4286377361410,rock
4294967296000,rock
4312147165187,blues
4312147165187,rock
4320737099776,rock
4320737099778,rock
4355096838145,rock
4363686772738,blues
4415226380288,blues
4432406249472,blues
4458176053248,rock
4475355922434,electro
4475355922434,rap
4483945857024,rock
4501125726208,rock
4509715660800,blues
4526895529985,rap
4526895529985,rock
4535485464578,rap
4535485464578,rock
4552665333761,reggae
4552665333761,rock
4561255268354,rap
4561255268354,rock
4569845202944,electro
4569845202944,rap
4569845202944,rock
4569845202946,blues
4578435137538,rap
4587025072129,electro
4587025072129,rock
4612794875904,rock
4621384810498,blues
4629974745090,rock
4638564679680,rap
4647154614273,rock
4647154614274,rock
4655744548864,rock
4698694221825,electro
4707284156417,reggae
4724464025600,rock
4724464025601,rap
4767413698560,rock
4776003633154,reggae
4776003633154,rock
4801773436928,rock
4827543240704,rock
4844723109888,reggae
4844723109889,reggae
4870492913665,electro
4870492913665,rock
4887672782850,rock
4896262717440,rap
4896262717442,rap
4922032521216,blues
4922032521216,rock
4956392259585,rock
4964982194177,rock
4982162063361,blues
5007931867136,rock
5025111736322,rock
5042291605504,rap
5042291605506,rap
5068061409281,rock
5076651343874,blues
5111011082242,rock
5128190951426,blues
5128190951426,reggae
5145370820609,blues
5153960755200,rock
5162550689793,rock
5162550689794,rock
5171140624386,rock
5179730558978,rock
5196910428160,blues
5196910428160,reggae
5196910428160,rock
5205500362754,rap
5205500362754,rock
5222680231937,blues
5239860101122,rock
5265629904897,reggae
5265629904897,rock
5282809774080,blues
5291399708672,rock
5299989643264,rock
5299989643266,blues
5308579577858,reggae
5317169512449,reggae
5334349381633,blues
5334349381633,electro
5334349381633,reggae
5342939316225,rap
5377299054594,blues
5403068858369,electro
5403068858369,reggae
5403068858369,rock
5420248727552,rock
5446018531328,reggae
5471788335104,rock
5480378269698,rock
5488968204288,rock
5488968204291,rock
5514738008064,rock
5523327942658,rock
5557687681024,reggae
5574867550209,reggae
5574867550210,reggae
5592047419393,blues
5609227288576,rock
5617817223169,rock
5617817223170,rock
5626407157761,blues
5660766896128,rock
5669356830722,blues
5695126634497,rap
5695126634497,rock
5720896438274,blues
5755256176642,blues
5772436045825,rock
5772436045826,rock
5781025980416,rock
5781025980417,blues
5841155522560,rock
5841155522561,blues
5841155522562,rock
5875515260929,blues
5927054868481,rock
5961414606850,rap
5978594476035,rock
5987184410624,electro
5987184410624,rock
5987184410626,electro
5995774345216,electro
5995774345216,reggae
5995774345216,rock
5995774345217,electro
5995774345217,reggae
5995774345217,rock
6047313952769,rap
6064493821954,blues
6098853560321,rock
6098853560322,reggae
6098853560322,rock
6124623364098,rap
6133213298690,rap
6158983102464,reggae
6158983102466,rock
6176162971648,reggae
6176162971648,rock
6176162971650,rock
6201932775426,rap
6201932775426,rock
6236292513793,rap
6236292513793,reggae
6253472382976,rock
6262062317570,blues
6262062317570,electro
6262062317571,rock
6270652252160,electro
6270652252161,electro
6270652252162,rock
6305011990529,rock
6305011990530,rock
6322191859712,rock
6322191859714,rock
6347961663489,rock
6356551598081,rap
6356551598082,rap
6356551598082,rock
6365141532673,rock
6373731467264,rock
6390911336449,blues
6390911336449,rock
6390911336450,rock
6399501271043,rock
6408091205632,rock
6408091205633,blues
6408091205633,rock
6416681140226,rock
6433861009410,blues
6459630813184,reggae
6468220747778,blues
6468220747778,rock
6476810682368,rap
6476810682368,rock
6485400616961,electro
6502580486144,rock
6502580486145,rock
6502580486146,rock
6511170420737,rock
6528350289920,reggae
6554120093698,rock
6579889897472,rock
6588479832064,rock
6614249635841,rock
6648609374208,rock
6648609374209,rock
6682969112578,blues
6708738916352,rock
6743098654720,blues
6743098654722,rock
6751688589314,blues
6768868458498,rap
6777458393088,rock
6794638262274,reggae
6811818131458,reggae
6811818131458,rock
6828998000642,rock
6837587935232,rock
6837587935234,rock
6846177869825,rock
6854767804416,rap
6854767804416,rock
6889127542785,rock
6889127542787,rock
6932077215745,electro
6932077215745,rock
6940667150336,blues
6966436954114,blues
6983616823297,rock
7000796692481,reggae
7017976561664,reggae
7026566496257,rap
7026566496257,rock
7026566496258,reggae
7026566496258,rock
7060926234624,reggae
7103875907585,rock
7121055776769,blues
7129645711360,rap
7164005449729,rock
7164005449731,rock
7181185318914,rock
7189775253504,blues
7189775253504,rock
7198365188097,rock
7224134991874,rock
7258494730242,rock
7267084664834,blues
7267084664834,rock
7284264534018,rap
7284264534018,rock
7301444403200,rock
7301444403201,blues
7310034337793,rock
7318624272384,blues
7318624272384,electro
7344394076162,electro
7352984010752,electro
7352984010752,reggae
7370163879937,rap
7370163879937,rock
7370163879939,rap
7370163879939,rock
7395933683714,rap
7395933683714,rock
7430293422082,rock
7438883356672,blues
7456063225858,rock
7464653160450,rock
7473243095040,blues
7473243095041,rock
7490422964225,rock
7499012898818,rock
7507602833408,blues
7516192768000,reggae
7516192768000,rock
7524782702594,blues
7533372637184,rock
7541962571777,blues
7541962571777,rock
7550552506370,blues
7576322310146,rock
7593502179330,blues
7602092113921,blues
7653631721472,rock
7679401525249,rock
7687991459842,rock
7696581394434,rock
7722351198209,reggae
7722351198209,rock
7748121001984,rock
7748121001986,rap
7748121001986,reggae
7773890805760,reggae
7782480740353,rock
7791070674945,rock
7825430413313,reggae
7834020347904,reggae
7842610282496,reggae
7842610282496,rock
7851200217089,rock
7851200217090,rock
7876970020864,blues
7902739824642,blues
7902739824642,rock
7911329759232,rock
7919919693825,rock
7919919693826,blues
7954279432193,blues
7954279432193,reggae
7954279432193,rock
7962869366785,reggae
7962869366785,rock
7971459301376,reggae
7980049235969,electro
7980049235969,rap
7980049235969,rock
8022998908928,rap
8022998908928,rock
8031588843522,rock
8040178778113,blues
8057358647297,blues
8083128451074,rock
8117488189440,rock
8134668058626,rock
8151847927809,rock
8160437862400,blues
8160437862401,reggae
8160437862402,rock
8186207666178,blues
8246337208320,rock
8263517077504,rock
8263517077505,reggae
8263517077505,rock
8272107012096,rock
8272107012097,rock
8280696946689,rock
8306466750465,blues
8315056685058,rock
8349416423426,rap
8349416423426,rock
8349416423427,rap
8366596292609,electro
8375186227200,reggae
8418135900163,rock
8435315769344,rap
8478265442306,rock
8504035246081,blues
8504035246082,blues
8504035246082,rap
8538394984448,blues
8538394984448,rock
8538394984449,blues
8538394984449,rock
8555574853633,electro
8555574853633,rock
8564164788226,blues
8572754722816,rock
8572754722817,rock
8581344657410,blues
8589934592001,blues
8589934592001,electro
8589934592001,rock
8598524526593,reggae
8607114461184,blues
8607114461184,reggae
8607114461185,blues
8607114461185,reggae
8607114461186,blues
8615704395778,blues
8615704395778,rock
8624294330368,rock
8658654068736,reggae
8658654068738,blues
8667244003328,reggae
8667244003330,reggae
8693013807105,rock
8753143349248,rock
8753143349249,blues
8761733283841,rock
8804682956802,blues
8813272891393,blues
8830452760577,blues
8830452760578,reggae
8847632629762,rap
8856222564353,rock
8881992368128,reggae
8890582302721,reggae
8899172237314,rap
8907762171906,electro
8907762171906,reggae
8916352106498,rock
8924942041089,rock
8924942041090,rock
8976481648640,reggae
8976481648640,rock
9010841387008,blues
9010841387008,rock
9010841387009,rock
9019431321601,blues
9045201125377,blues
9045201125377,reggae
9062380994561,reggae
9062380994561,rock
9079560863744,rock
9079560863745,rock
9088150798336,rock
9096740732928,rock
9122510536704,rock
9131100471296,blues
9139690405889,electro
9139690405889,rock
9148280340481,rock
9165460209664,rock
9174050144256,rock
9174050144257,rock
9174050144258,electro
9174050144258,rock
9182640078848,rock
9182640078851,rock
9191230013442,electro
9191230013442,rock
9225589751810,rock
9242769620994,rock
9251359555586,rock
9277129359360,reggae
9285719293954,rap
9302899163137,reggae
9311489097729,blues
9311489097729,rock
9320079032323,rock
9337258901505,blues
9337258901506,reggae
9354438770690,rock
9380208574465,rap
9388798509057,blues
9397388443648,reggae
9397388443649,reggae
9440338116609,rap
9448928051201,blues
9457517985792,rap
9509057593346,rock
9517647527938,electro
9517647527938,reggae
9526237462529,blues
9526237462531,rap
9534827397121,rap
9543417331712,rap
9543417331713,reggae
9560597200898,blues
9569187135490,rock
9577777070080,rock
9586367004673,blues
9586367004673,rock
9586367004674,blues
9594956939265,rap
9594956939267,blues
9594956939267,rap
9620726743041,reggae
9629316677633,rock
9646496546816,rock
9646496546818,blues
9672266350593,rap
9689446219778,rock
9698036154369,reggae
9706626088960,rock
9706626088962,rock
9723805958145,rap
9732395892736,rock
9732395892737,rock
9740985827328,rock
9749575761921,rock
9758165696514,rock
9766755631104,rock
9766755631106,blues
9809705304064,electro
9861244911618,reggae
9861244911618,rock
9869834846209,reggae
9895604649986,electro
9904194584576,rock
9947144257537,rock
9955734192128,electro
9955734192128,rock
9972914061314,rock
9981503995906,rock
9998683865088,rock
9998683865089,rock
10041633538049,rock
10041633538050,rock
10067403341824,rock
10093173145600,rock
10093173145601,rock
10101763080192,electro
10101763080192,reggae
10136122818562,blues
10136122818562,rap
10153302687745,electro
10153302687745,reggae
10179072491521,rock
10187662426114,rock
10204842295298,reggae
10239202033664,rock
10247791968257,blues
10256381902848,rock
10282151706624,rock
10290741641217,rock
10307921510400,blues
10333691314177,rap
10342281248770,rap
10368051052546,rock
10393820856321,rock
10393820856322,rock
10402410790912,blues
10402410790912,rock
10428180594690,rock
10436770529280,reggae
10436770529280,rock
10445360463872,rock
10453950398464,rock
10479720202241,blues
10488310136834,blues
10496900071425,rock
10514079940610,rock
10522669875200,blues
10539849744384,reggae
10574209482752,blues
10574209482753,blues
10591389351937,reggae
10591389351937,rock
10617159155713,reggae
10642928959491,rock
10668698763265,rock
10703058501634,electro
10703058501634,rock
10711648436224,rock
10711648436227,rock
10746008174592,rock
10788957847553,rock
10814727651328,blues
10831907520514,reggae
10849087389699,blues
10892037062656,rock
10917806866432,rock
10917806866433,blues
10917806866434,blues
10969346473984,rock
10969346473986,blues
10969346473986,reggae
11055245819904,rock
11063835754499,rap
11081015623680,rock
11089605558273,rock
11098195492864,rock
11098195492866,blues
11132555231234,rock
11141145165825,rock
11141145165826,rock
11149735100416,electro
11149735100418,blues
11149735100418,rap
11166914969600,blues
11166914969600,reggae
11175504904194,rock
11184094838785,blues
11192684773376,blues
11201274707969,rap
11201274707969,rock
11209864642562,rap
11218454577153,rock
11227044511745,rock
11287174053890,rock
11304353923073,electro
11304353923073,rock
11338713661442,blues
11338713661442,rock
11347303596033,rock
11347303596034,rock
11364483465216,rock
11364483465217,electro
11364483465217,rock
11390253268994,rock
11398843203585,rock
11407433138176,rock
11407433138177,rock
11416023072769,rock
11450382811138,rock
11458972745728,blues
11476152614912,rock
11484742549505,rock
11501922418690,rock
11527692222466,rock
11536282157058,rock
11544872091650,rock
11553462026240,reggae
11562051960832,reggae
11562051960833,blues
11562051960834,rock
11570641895424,rock
11596411699201,rock
11613591568384,rock
11613591568387,rock
11622181502976,blues
11630771437569,blues
11665131175938,rock
11673721110530,rock
11690900979712,rock
11699490914304,rock
11708080848898,rap
11716670783488,rock
11725260718080,rock
11733850652673,rock
11742440587266,rock
11751030521857,rock
11768210391042,rock
11785390260226,blues
11785390260226,reggae
11793980194816,blues
11811160064000,reggae
11811160064000,rock
11819749998592,rock
11862699671554,blues
11879879540737,rap
11897059409921,rock
11940009082880,rock
11940009082881,rock
11948599017474,blues
11957188952066,blues
11957188952066,rock
11965778886656,blues
11965778886656,reggae
11965778886656,rock
12000138625026,blues
12000138625026,rock
12008728559618,rock
12043088297985,rock
12051678232576,rock
12077448036352,rock
12086037970944,rock
12094627905538,rock
12103217840130,blues
12111807774720,rock
12128987643906,rock
12154757447680,reggae
12154757447680,rock
12163347382273,reggae
12163347382273,rock
12171937316865,reggae
12189117186048,rock
12197707120640,rock
12197707120641,reggae
12197707120641,rock
12197707120642,rock
12206297055233,electro
12206297055233,rock
12206297055234,blues
12206297055234,reggae
12214886989825,rock
12240656793600,rock
12249246728192,rap
12249246728194,blues
12266426597376,rock
12275016531969,rock
12292196401152,blues
12292196401154,blues
12292196401154,rock
12300786335745,reggae
12300786335746,reggae
12309376270338,blues
12309376270338,rap
12309376270338,rock
12360915877889,reggae
12360915877889,rock
12378095747073,rap
12378095747073,reggae
12378095747074,reggae
12455405158401,reggae
12455405158402,reggae
12455405158403,reggae
12472585027584,rock
12481174962176,rock
12489764896768,blues
12498354831360,blues
12506944765952,rock
12524124635136,reggae
12524124635139,reggae
12532714569730,reggae
12549894438912,rock
12558484373504,reggae
12558484373504,rock
12567074308097,blues
12567074308098,blues
12575664242688,rock
12575664242690,rock
12618613915650,rock
12644383719426,rock
12652973654017,blues
12661563588608,rock
12661563588611,rock
12670153523201,blues
12695923326977,reggae
12695923326977,rock
12704513261568,rock
12704513261569,rock
12721693130752,rock
12738872999938,rap
12747462934530,rock
12756052869120,rock
12756052869122,electro
12764642803714,rock
12773232738304,rock
12790412607488,reggae
12790412607488,rock
12807592476674,blues
12807592476674,rock
12824772345858,blues
12824772345858,reggae
12859132084225,reggae
12859132084225,rock
12867722018816,blues
12867722018816,electro
12884901888000,rock
12893491822594,rock
12902081757186,rock
12919261626368,rock
12936441495552,rock
12979391168513,reggae
12979391168513,rock
12979391168514,reggae
12987981103106,rock
12996571037697,reggae
13005160972288,rock
13022340841472,rock
13030930776065,rock
13048110645249,rock
13065290514433,rock
13082470383619,electro
13091060318208,rock
13091060318209,rock
13116830121986,blues
13125420056576,rock
13134009991168,rock
13134009991170,rock
13142599925762,rock
13151189860353,rock
13176959664129,rock
13185549598722,reggae
13211319402497,rock
13211319402498,blues
13211319402498,rock
13228499271680,rock
13237089206273,rock
13245679140865,rock
13262859010049,reggae
13262859010049,rock
13280038879232,rock
13280038879234,rock
13288628813824,rock
13305808683008,rock
13305808683009,blues
13322988552194,rock
13357348290561,electro
13383118094338,rock
13400297963522,rock
13434657701889,rock
13451837571074,rock
13469017440256,reggae
13469017440256,rock
13469017440257,rock
13477607374848,rock
13477607374850,blues
13494787244034,rock
13511967113216,rock
13511967113217,rock
13520557047809,blues
13520557047810,blues
13529146982400,rock
13554916786177,rock
13563506720769,electro
13563506720770,electro
13580686589953,rap
13580686589953,reggae
13597866459138,rock
13606456393728,reggae
13606456393728,rock
13623636262914,rock
13632226197505,blues
13632226197505,reggae
13632226197505,rock
13632226197506,rock
13649406066690,rock
13675175870464,reggae
13675175870464,rock
13692355739648,blues
13692355739648,rock
13692355739650,rock
13709535608834,rap
13709535608834,rock
13752485281793,rap
13752485281793,rock
13769665150978,rock
13795434954752,rock
13795434954754,rock
13804024889346,electro
13804024889346,reggae
13804024889346,rock
13821204758528,rock
13829794693122,reggae
13829794693122,rock
13838384627713,reggae
13846974562304,rock
13864154431489,rock
13889924235265,reggae
13889924235265,rock
13898514169857,rock
13898514169858,rock
13907104104448,rock
13915694039041,rock
13915694039043,reggae
13941463842818,rap
13950053777408,reggae
13993003450368,rock
14001593384960,rock
14001593384961,rock
14027363188738,blues
14027363188738,rock
14070312861697,rock
14096082665473,rock
14104672600065,reggae
14130442403841,rock
14139032338432,rock
14139032338434,rock
14156212207618,rock
14164802142209,rap
14164802142209,rock
14173392076802,rock
14233521618946,electro
14242111553536,electro
14250701488128,blues
14259291422721,reggae
14259291422722,reggae
14267881357313,reggae
14276471291905,reggae
14285061226498,rock
14293651161089,reggae
14293651161089,rock
14302241095680,blues
14302241095680,rock
14319420964864,rock
14328010899458,blues
14328010899459,blues
14336600834049,rock
14336600834050,rock
14345190768642,rock
14353780703232,electro
14353780703232,rock
14362370637824,rock
14362370637825,rock
14379550507008,rock
14396730376193,rock
14396730376194,rock
14431090114560,reggae
14431090114560,rock
14456859918337,blues
14465449852928,electro
14465449852928,rock
14491219656706,reggae
14508399525889,rock
14516989460482,electro
14534169329666,blues
14534169329666,reggae
14559939133442,rock
14602888806400,rock
14637248544768,reggae
14663018348546,blues
14680198217730,blues
14680198217730,rock
14688788152322,rock
14697378086914,rap
14697378086914,rock
14723147890688,rock
14731737825282,rock
14740327759873,rock
14748917694464,rock
14774687498240,blues
14774687498240,rock
14800457302016,rock
14800457302018,rock
14809047236608,blues
14809047236609,blues
14817637171200,rock
14817637171202,blues
14834817040384,rap
14834817040384,rock
14851996909570,blues
14869176778752,rock
14894946582529,rock
14903536517121,rock
14903536517122,rock
14912126451712,rock
14920716386306,rock
14937896255489,reggae
14946486190080,rock
14955076124674,rock
15040975470592,rock
15083925143553,rock
15101105012736,blues
15101105012736,rock
15101105012738,rock
15144054685696,rock
15161234554882,reggae
15169824489474,rock
15178414424064,rock
15187004358656,rock
15204184227842,rock
15212774162434,rap
15238543966210,rock
15247133900801,rap
15255723835392,blues
15290083573762,blues
15290083573762,rap
15290083573762,rock
15315853377536,rap
15315853377538,rap
15324443312129,rap
15324443312129,rock
15350213115906,rock
15358803050497,blues
15358803050498,rock
15384572854273,blues
15384572854274,reggae
15393162788865,rock
15401752723457,reggae
15410342658048,electro
15410342658049,electro
15436112461824,rap
15436112461824,rock
15513421873153,rock
15522011807746,rap
15530601742338,blues
15530601742338,rap
15547781611520,rock
15582141349889,rock
15599321219072,rock
15599321219074,reggae
15599321219074,rock
15625091022850,reggae
15625091022850,rock
15633680957441,rock
15650860826627,rock
15659450761218,reggae
15676630630400,rock
15685220564992,reggae
15685220564992,rock
15693810499584,rap
15693810499584,rock
15693810499586,rock
15702400434176,reggae
15702400434176,rock
15719580303360,rock
15728170237952,rock
15728170237954,rock
15736760172546,rock
15762529976320,blues
15788299780097,rock
15796889714688,rock
15814069583874,rock
15822659518466,electro
15839839387650,reggae
15848429322240,electro
15874199126016,blues
15874199126016,rock
15874199126017,rock
15874199126018,rock
15891378995201,blues
15908558864385,electro
15908558864385,rock
15917148798978,rock
15934328668162,reggae
15934328668162,rock
15942918602753,rock
15985868275713,rap
15994458210305,rap
16003048144896,rock
16028817948673,rock
16037407883265,rock
16054587752448,rock
16080357556226,electro
16088947490816,rap
16088947490817,rap
16097537425410,rap
16106127360002,rock
16140487098369,rock
16157666967554,blues
16157666967554,rock
16174846836738,rock
16183436771328,rap
16192026705922,rock
16226386444290,rock
16234976378881,reggae
16234976378881,rock
16234976378882,rock
16243566313474,rock
16252156248066,rock
16260746182657,reggae
16260746182657,rock
16269336117249,rock
16269336117250,rap
16286515986432,rock
16295105921025,rock
16303695855618,rap
16320875724802,rock
16329465659394,rock
16338055593986,rock
16346645528576,rock
16346645528578,reggae
16363825397760,rock
16363825397762,rock
16372415332352,reggae
16372415332352,rock
16381005266944,rock
16389595201538,rock
16415365005313,rock
16458314678273,rock
16484084482049,blues
16484084482051,blues
16501264351233,blues
16501264351233,rock
16509854285824,rock
16509854285826,rock
16527034155008,rock
16527034155009,rap
16535624089600,rock
16552803958784,reggae
16552803958786,reggae
16561393893377,reggae
16561393893377,rock
16561393893379,reggae
16569983827968,blues
16578573762562,rock
16595753631745,rock
16595753631746,rock
16604343566338,rock
16621523435520,rock
16621523435522,blues
16621523435522,electro
16621523435522,reggae
16630113370115,rock
16647293239297,electro
16655883173890,rock
16681652977666,rap
16690242912257,reggae
16690242912257,rock
16698832846851,reggae
16707422781441,rock
16724602650626,rap
16741782519809,rock
16741782519810,rock
16750372454402,reggae
16750372454402,rock
16776142258177,reggae
16776142258178,reggae
16776142258178,rock
16810501996545,rap
16810501996545,rock
16844861734914,rock
16870631538690,reggae
16879221473281,electro
16887811407874,electro
16904991277057,blues
16904991277057,electro
16904991277057,rap
16904991277057,rock
16913581211649,rock
16939351015424,rap
16939351015424,reggae
16947940950017,reggae
16956530884610,rock
16973710753792,rock
16982300688385,rap
16990890622977,reggae
17033840295938,reggae
17042430230530,electro
17042430230530,reggae
17042430230531,rock
17051020165121,blues
17102559772672,electro
17119739641857,electro
17136919511042,rock
17145509445632,rock
17154099380224,rock
